rep_id,left_min_FPPA,left_severity,right_min_FPPA,right_severity
1,188.95153296432363,none,205.85268844795772,none
2,202.14479543506837,none,212.405106026564,none
3,252.17289588013836,none,246.98124146562097,none
