{
    "lengths3d": {
        "(0,7)": 0.18394719064235687,
        "(7,8)": 0.18927808105945587,
        "(8,9)": 0.10068896412849426,
        "(9,10)": 0.08332082629203796,
        "(8,11)": 0.11687792465090752,
        "(8,14)": 0.11687792465090752,
        "(11,12)": 0.17599082738161087,
        "(12,13)": 0.16491147130727768,
        "(14,15)": 0.17599082738161087,
        "(15,16)": 0.16491147130727768,
        "(0,1)": 0.07687562331557274,
        "(0,4)": 0.07687562331557274,
        "(1,2)": 0.26410020887851715,
        "(2,3)": 0.23283348977565765,
        "(4,5)": 0.26410020887851715,
        "(5,6)": 0.23283348977565765
    },
    "lengths2d": {
        "(0,17)": 99.578369140625,
        "(17,18)": 162.2929163296181,
        "(18,19)": 386.066861542716,
        "(18,5)": 131.39541798376345,
        "(18,6)": 131.39541798376345,
        "(19,11)": 77.2187964116876,
        "(19,12)": 77.2187964116876,
        "(11,5)": 338.371472102969,
        "(12,6)": 338.371472102969,
        "(5,6)": 224.3968241075655,
        "(5,7)": 159.63104383787376,
        "(7,9)": 157.8897340893843,
        "(6,8)": 159.63104383787376,
        "(8,10)": 157.8897340893843,
        "(11,13)": 243.5311001291499,
        "(12,14)": 243.5311001291499,
        "(13,15)": 224.91347072080174,
        "(14,16)": 224.91347072080174,
        "(15,20)": 83.165799730331,
        "(15,22)": 84.89805797426517,
        "(15,24)": 33.597415893107474,
        "(16,21)": 83.165799730331,
        "(16,23)": 84.89805797426517,
        "(16,25)": 33.597415893107474
    }
}